{
  "MLP": {
    "overall": {
      "mae": 0.677048921585083,
      "rmse": 0.9301269054412842,
      "r2": 0.9993511438369751,
      "max_error": 13.72393798828125
    },
    "breakdown": {
      "style": {
        "european": {
          "mae": 0.6679055690765381,
          "rmse": 0.9225819706916809,
          "r2": 0.9993447065353394,
          "max_error": 13.72393798828125
        },
        "american": {
          "mae": 0.6862148642539978,
          "rmse": 0.9376295208930969,
          "r2": 0.9993571639060974,
          "max_error": 12.231163024902344
        }
      },
      "type": {
        "call": {
          "mae": 0.6735026836395264,
          "rmse": 0.9137234687805176,
          "r2": 0.9993568062782288,
          "max_error": 10.69305419921875
        },
        "put": {
          "mae": 0.6806501746177673,
          "rmse": 0.9464945793151855,
          "r2": 0.9993434548377991,
          "max_error": 13.72393798828125
        }
      },
      "moneyness": {
        "OTM": {
          "mae": 0.7145330309867859,
          "rmse": 0.9946156144142151,
          "r2": 0.9993903636932373,
          "max_error": 13.72393798828125
        },
        "ATM": {
          "mae": 0.66087406873703,
          "rmse": 0.8856504559516907,
          "r2": 0.9989092946052551,
          "max_error": 10.48527717590332
        },
        "ITM": {
          "mae": 0.6558050513267517,
          "rmse": 0.9070432186126709,
          "r2": 0.9994894862174988,
          "max_error": 10.69305419921875
        }
      },
      "expiry": {
        "short": {
          "mae": 0.9041803479194641,
          "rmse": 1.2397735118865967,
          "r2": 0.9983320832252502,
          "max_error": 10.48527717590332
        },
        "medium": {
          "mae": 0.604839026927948,
          "rmse": 0.7944309115409851,
          "r2": 0.9994049072265625,
          "max_error": 7.058135986328125
        },
        "long": {
          "mae": 0.7072112560272217,
          "rmse": 0.9851787686347961,
          "r2": 0.9993521571159363,
          "max_error": 13.72393798828125
        }
      }
    }
  },
  "Transformer": {
    "overall": {
      "mae": 1.618442177772522,
      "rmse": 2.090573787689209,
      "r2": 0.9967219829559326,
      "max_error": 31.982192993164062
    },
    "breakdown": {
      "style": {
        "european": {
          "mae": 1.6015052795410156,
          "rmse": 2.0816004276275635,
          "r2": 0.9966640472412109,
          "max_error": 31.982192993164062
        },
        "american": {
          "mae": 1.6354213953018188,
          "rmse": 2.0995306968688965,
          "r2": 0.9967767596244812,
          "max_error": 29.095962524414062
        }
      },
      "type": {
        "call": {
          "mae": 1.7277398109436035,
          "rmse": 2.0708999633789062,
          "r2": 0.9966962337493896,
          "max_error": 10.908976554870605
        },
        "put": {
          "mae": 1.5074440240859985,
          "rmse": 2.110365867614746,
          "r2": 0.9967359304428101,
          "max_error": 31.982192993164062
        }
      },
      "moneyness": {
        "OTM": {
          "mae": 1.8113985061645508,
          "rmse": 2.4309117794036865,
          "r2": 0.9963582754135132,
          "max_error": 31.982192993164062
        },
        "ATM": {
          "mae": 1.6897661685943604,
          "rmse": 2.028195381164551,
          "r2": 0.9942799806594849,
          "max_error": 10.908976554870605
        },
        "ITM": {
          "mae": 1.350303292274475,
          "rmse": 1.7550593614578247,
          "r2": 0.9980887174606323,
          "max_error": 10.7576904296875
        }
      },
      "expiry": {
        "short": {
          "mae": 1.5651445388793945,
          "rmse": 2.2522623538970947,
          "r2": 0.9944952726364136,
          "max_error": 10.908976554870605
        },
        "medium": {
          "mae": 1.4536041021347046,
          "rmse": 1.8925378322601318,
          "r2": 0.9966226816177368,
          "max_error": 7.643598556518555
        },
        "long": {
          "mae": 1.755824327468872,
          "rmse": 2.21657133102417,
          "r2": 0.996720552444458,
          "max_error": 31.982192993164062
        }
      }
    }
  },
  "Baseline": {
    "overall": {
      "mae": 8.164332307315335e-07,
      "rmse": 1.3323597833349802e-06,
      "r2": 0.9999999999999987,
      "max_error": 7.6156711088515294e-06
    },
    "breakdown": {
      "style": {
        "european": {
          "mae": 8.035095700879058e-07,
          "rmse": 1.3042953198884573e-06,
          "r2": 0.9999999999999987,
          "max_error": 7.601094722531343e-06
        },
        "american": {
          "mae": 8.293889818457409e-07,
          "rmse": 1.3599127331195219e-06,
          "r2": 0.9999999999999987,
          "max_error": 7.6156711088515294e-06
        }
      },
      "type": {
        "call": {
          "mae": 8.421213259737164e-07,
          "rmse": 1.340578577897828e-06,
          "r2": 0.9999999999999987,
          "max_error": 7.582246553283767e-06
        },
        "put": {
          "mae": 7.90345425537987e-07,
          "rmse": 1.3239608872682717e-06,
          "r2": 0.9999999999999987,
          "max_error": 7.6156711088515294e-06
        }
      },
      "moneyness": {
        "OTM": {
          "mae": 9.192202335102062e-07,
          "rmse": 1.4932449299334483e-06,
          "r2": 0.9999999999999987,
          "max_error": 7.6156711088515294e-06
        },
        "ATM": {
          "mae": 6.864254202934964e-07,
          "rmse": 1.050358115915997e-06,
          "r2": 0.9999999999999984,
          "max_error": 7.582246553283767e-06
        },
        "ITM": {
          "mae": 8.461600471869922e-07,
          "rmse": 1.4164147413059253e-06,
          "r2": 0.9999999999999988,
          "max_error": 7.5348419557030866e-06
        }
      },
      "expiry": {
        "short": {
          "mae": 5.003497675715485e-07,
          "rmse": 9.822465021035513e-07,
          "r2": 0.999999999999999,
          "max_error": 7.312875538900698e-06
        },
        "medium": {
          "mae": 6.833853219190819e-07,
          "rmse": 1.148269396798281e-06,
          "r2": 0.9999999999999988,
          "max_error": 7.6156711088515294e-06
        },
        "long": {
          "mae": 9.600470130559466e-07,
          "rmse": 1.4950608140849013e-06,
          "r2": 0.9999999999999986,
          "max_error": 7.608465949715537e-06
        }
      }
    }
  }
}